{
  "setting": "max_stop_pct",
  "setting_type": "config",
  "values": [
    "0.05",
    "0.1",
    "0.15",
    "0.2",
    "0.25"
  ],
  "results": [
    {
      "value": 0.05,
      "total_pnl": 353881.64,
      "ross_pnl": 432999.62,
      "delta": -79117.97999999998,
      "winners": 30,
      "capture": 81.7,
      "runtime": 71.9,
      "per_case": {
        "ross_lcfy_20260116": 18572.25,
        "ross_pavm_20260121": 22343.68,
        "ross_batl_20260126": 9620.81,
        "ross_batl_20260127": 8306.75,
        "ross_rolr_20260114": 73571.61,
        "ross_bnkk_20260115": 1875.0,
        "ross_tnmg_20260116": 4544.75,
        "ross_gwav_20260116": 8268.32,
        "ross_vero_20260116": 750.0,
        "ross_gri_20260128": 25509.85,
        "ross_lrhc_20260130": 1499.6,
        "ross_hind_20260127": 21450.0,
        "ross_bctx_20260127": 4650.0,
        "ross_dcx_20260129": 2400.0,
        "ross_npt_20260203": 103600.77,
        "ross_bnai_20260205": 8314.48,
        "ross_rnaz_20260205": 922.56,
        "ross_rvsn_20260205": -6150.0,
        "ross_flye_20260206": -23638.14,
        "ross_rdib_20260206": -4356.89,
        "ross_mnts_20260209": -23517.96,
        "ross_sxtc_20260209": 8092.5,
        "ross_uoka_20260209": 3180.0,
        "ross_evmn_20260210": 20740.05,
        "ross_velo_20260210": 1114.47,
        "ross_bnrg_20260211": 1200.0,
        "ross_prfx_20260211": 17250.0,
        "ross_pmi_20260212": 5925.75,
        "ross_onco_20260212": 1050.0,
        "ross_mlec_20260213": 21312.72,
        "ross_vhub_20260217": 8450.0,
        "ross_snse_20260218": 1603.39,
        "ross_envb_20260219": 8938.5,
        "ross_mlec_20260220": -5088.18,
        "ross_edhl_20260220": 1575.0
      }
    },
    {
      "value": 0.1,
      "total_pnl": 232968.95,
      "ross_pnl": 432999.62,
      "delta": -200030.66999999998,
      "winners": 28,
      "capture": 53.8,
      "runtime": 118.8,
      "per_case": {
        "ross_lcfy_20260116": 12423.41,
        "ross_pavm_20260121": 11359.92,
        "ross_batl_20260126": 18599.3,
        "ross_batl_20260127": 14122.55,
        "ross_rolr_20260114": 49377.18,
        "ross_bnkk_20260115": 1041.5,
        "ross_tnmg_20260116": 2935.24,
        "ross_gwav_20260116": -229.94,
        "ross_vero_20260116": 957.65,
        "ross_gri_20260128": 12970.87,
        "ross_lrhc_20260130": 760.76,
        "ross_hind_20260127": 15770.04,
        "ross_bctx_20260127": 5373.18,
        "ross_dcx_20260129": 1333.12,
        "ross_npt_20260203": 51792.52,
        "ross_bnai_20260205": 4138.65,
        "ross_rnaz_20260205": 457.56,
        "ross_rvsn_20260205": -4045.47,
        "ross_flye_20260206": -20372.06,
        "ross_rdib_20260206": -2179.25,
        "ross_mnts_20260209": -15502.64,
        "ross_sxtc_20260209": 8092.5,
        "ross_uoka_20260209": 3180.0,
        "ross_evmn_20260210": 20740.05,
        "ross_velo_20260210": 588.67,
        "ross_bnrg_20260211": 769.1,
        "ross_prfx_20260211": 17250.0,
        "ross_pmi_20260212": 5925.75,
        "ross_onco_20260212": 1050.0,
        "ross_mlec_20260213": -843.61,
        "ross_vhub_20260217": 6938.9,
        "ross_snse_20260218": 801.09,
        "ross_envb_20260219": 8938.5,
        "ross_mlec_20260220": -2555.47,
        "ross_edhl_20260220": 1009.38
      }
    },
    {
      "value": 0.15,
      "total_pnl": 176948.03,
      "ross_pnl": 432999.62,
      "delta": -256051.59,
      "winners": 28,
      "capture": 40.9,
      "runtime": 126.1,
      "per_case": {
        "ross_lcfy_20260116": 8833.59,
        "ross_pavm_20260121": 7526.16,
        "ross_batl_20260126": 12652.86,
        "ross_batl_20260127": 11208.7,
        "ross_rolr_20260114": 32624.51,
        "ross_bnkk_20260115": 699.5,
        "ross_tnmg_20260116": 1961.12,
        "ross_gwav_20260116": -1960.16,
        "ross_vero_20260116": 659.72,
        "ross_gri_20260128": 8596.06,
        "ross_lrhc_20260130": 504.56,
        "ross_hind_20260127": 14110.46,
        "ross_bctx_20260127": 4560.36,
        "ross_dcx_20260129": 895.36,
        "ross_npt_20260203": 34850.68,
        "ross_bnai_20260205": 2763.82,
        "ross_rnaz_20260205": 305.66,
        "ross_rvsn_20260205": -4045.47,
        "ross_flye_20260206": -13598.21,
        "ross_rdib_20260206": -1444.05,
        "ross_mnts_20260209": -11597.24,
        "ross_sxtc_20260209": 8092.5,
        "ross_uoka_20260209": 2724.6,
        "ross_evmn_20260210": 20740.05,
        "ross_velo_20260210": 588.67,
        "ross_bnrg_20260211": 508.3,
        "ross_prfx_20260211": 17250.0,
        "ross_pmi_20260212": 5925.75,
        "ross_onco_20260212": 905.1,
        "ross_mlec_20260213": -543.89,
        "ross_vhub_20260217": 4580.73,
        "ross_snse_20260218": 532.15,
        "ross_envb_20260219": 6571.59,
        "ross_mlec_20260220": -1702.59,
        "ross_edhl_20260220": 667.08
      }
    },
    {
      "value": 0.2,
      "total_pnl": 162408.96,
      "ross_pnl": 432999.62,
      "delta": -270590.66000000003,
      "winners": 28,
      "capture": 37.5,
      "runtime": 129.0,
      "per_case": {
        "ross_lcfy_20260116": 7045.48,
        "ross_pavm_20260121": 5677.95,
        "ross_batl_20260126": 9583.51,
        "ross_batl_20260127": 12880.54,
        "ross_rolr_20260114": 31812.95,
        "ross_bnkk_20260115": 526.5,
        "ross_tnmg_20260116": 1467.5,
        "ross_gwav_20260116": -1960.16,
        "ross_vero_20260116": 581.64,
        "ross_gri_20260128": 6485.05,
        "ross_lrhc_20260130": 377.36,
        "ross_hind_20260127": 14110.46,
        "ross_bctx_20260127": 4352.97,
        "ross_dcx_20260129": 673.92,
        "ross_npt_20260203": 26666.25,
        "ross_bnai_20260205": 2072.03,
        "ross_rnaz_20260205": 229.71,
        "ross_rvsn_20260205": -4045.47,
        "ross_flye_20260206": -10195.65,
        "ross_rdib_20260206": -1084.16,
        "ross_mnts_20260209": -9690.08,
        "ross_sxtc_20260209": 8092.5,
        "ross_uoka_20260209": 1995.3,
        "ross_evmn_20260210": 20740.05,
        "ross_velo_20260210": 588.67,
        "ross_bnrg_20260211": 379.68,
        "ross_prfx_20260211": 17250.0,
        "ross_pmi_20260212": 5925.75,
        "ross_onco_20260212": 749.79,
        "ross_mlec_20260213": -414.24,
        "ross_vhub_20260217": 3484.65,
        "ross_snse_20260218": 400.02,
        "ross_envb_20260219": 6571.59,
        "ross_mlec_20260220": -1421.43,
        "ross_edhl_20260220": 498.33
      }
    },
    {
      "value": 0.25,
      "total_pnl": 160246.65,
      "ross_pnl": 432999.62,
      "delta": -272752.97,
      "winners": 28,
      "capture": 37.0,
      "runtime": 131.5,
      "per_case": {
        "ross_lcfy_20260116": 6673.81,
        "ross_pavm_20260121": 4527.93,
        "ross_batl_20260126": 7617.57,
        "ross_batl_20260127": 13853.62,
        "ross_rolr_20260114": 31713.13,
        "ross_bnkk_20260115": 418.5,
        "ross_tnmg_20260116": 1238.34,
        "ross_gwav_20260116": -1960.16,
        "ross_vero_20260116": 641.16,
        "ross_gri_20260128": 5351.11,
        "ross_lrhc_20260130": 301.56,
        "ross_hind_20260127": 14110.46,
        "ross_bctx_20260127": 4352.97,
        "ross_dcx_20260129": 535.68,
        "ross_npt_20260203": 26666.25,
        "ross_bnai_20260205": 1655.46,
        "ross_rnaz_20260205": 183.83,
        "ross_rvsn_20260205": -4045.47,
        "ross_flye_20260206": -8174.08,
        "ross_rdib_20260206": -870.16,
        "ross_mnts_20260209": -8539.16,
        "ross_sxtc_20260209": 8092.5,
        "ross_uoka_20260209": 1713.04,
        "ross_evmn_20260210": 20740.05,
        "ross_velo_20260210": 588.67,
        "ross_bnrg_20260211": 302.86,
        "ross_prfx_20260211": 17250.0,
        "ross_pmi_20260212": 5925.75,
        "ross_onco_20260212": 749.79,
        "ross_mlec_20260213": -330.35,
        "ross_vhub_20260217": 3094.68,
        "ross_snse_20260218": 319.71,
        "ross_envb_20260219": 6571.59,
        "ross_mlec_20260220": -1421.43,